{
  "images" : [
    {
      "filename" : "depositphotos_80902286-stock-illustration-customer-icon.jpeg",
      "idiom" : "universal",
      "scale" : "1x"
    },
    {
      "filename" : "depositphotos_80902286-stock-illustration-customer-icon@2x.jpeg",
      "idiom" : "universal",
      "scale" : "2x"
    },
    {
      "filename" : "depositphotos_80902286-stock-illustration-customer-icon@3x.jpeg",
      "idiom" : "universal",
      "scale" : "3x"
    }
  ],
  "info" : {
    "author" : "xcode",
    "version" : 1
  }
}
