{
  "images" : [
    {
      "filename" : "Screenshot_2022-01-20_at_12.20.27_PM__1_-removebg-preview-1.png",
      "idiom" : "universal",
      "scale" : "1x"
    },
    {
      "filename" : "Screenshot_2022-01-20_at_12.20.27_PM__1_-removebg-preview@2x.png",
      "idiom" : "universal",
      "scale" : "2x"
    },
    {
      "filename" : "Screenshot_2022-01-20_at_12.20.27_PM__1_-removebg-preview@3x.png",
      "idiom" : "universal",
      "scale" : "3x"
    }
  ],
  "info" : {
    "author" : "xcode",
    "version" : 1
  }
}
